<?xml version="1.0" encoding="UTF-8"?>
<keystone>
  <surface h="1080" res="20" w="1920" x="-104.0" y="-43.0">
    <point i="0" u="0.0" v="0.0" x="428.0" y="278.0"/>
    <point i="20" u="1920.0" v="0.0" x="1290.0" y="298.0"/>
    <point i="420" u="0.0" v="1080.0" x="444.0" y="778.0"/>
    <point i="440" u="1920.0" v="1080.0" x="1283.0" y="774.0"/>
  </surface>
  <surface h="1080" res="20" w="1920" x="14.0" y="314.0">
    <point i="0" u="0.0" v="0.0" x="972.0" y="443.0"/>
    <point i="20" u="1920.0" v="0.0" x="1524.0" y="491.0"/>
    <point i="420" u="0.0" v="1080.0" x="953.0" y="674.0"/>
    <point i="440" u="1920.0" v="1080.0" x="1501.0" y="713.0"/>
  </surface>
</keystone>
